,GDPC1,Foreclosures,Permit_Number,construction,Homes_Sold,Housing_Starts,CSUSHPISA,Mortgage,Unem_Rate,Date,Year
0,12935.252,1.95,1727.0,353065.0,873.0,1636.0,100.551,8.21,4.0,2000-01-01,2000
1,12478.487402342857,2.7466599326397985,1692.0,351933.0,856.0,1737.0,101.339,8.325,4.1,2000-02-01,2000
2,12404.535832800057,2.891213596417125,1651.0,353452.0,900.0,1604.0,102.126,8.24,4.0,2000-03-01,2000
3,13170.749,1.97,1597.0,356188.0,841.0,1626.0,102.922,8.1525,3.8,2000-04-01,2000
4,12353.194408048716,3.0343801005195203,1543.0,349907.0,857.0,1575.0,103.677,8.515,4.0,2000-05-01,2000
5,12690.075809119446,3.192953746735876,1572.0,348133.0,793.0,1559.0,104.424,8.288,4.0,2000-06-01,2000
6,13183.89,2.09,1542.0,337374.0,887.0,1463.0,105.053,8.1475,4.0,2000-07-01,2000
7,12712.56075765475,3.4527327395354366,1552.0,337583.0,848.0,1541.0,105.768,8.0275,4.1,2000-08-01,2000
8,12676.550622973116,3.407712680085642,1570.0,339048.0,912.0,1507.0,106.538,7.912,3.9,2000-09-01,2000
9,13262.25,2.23,1577.0,344095.0,933.0,1549.0,107.382,7.795,3.9,2000-10-01,2000
10,12936.973423466829,3.3071630960769127,1614.0,347301.0,880.0,1551.0,108.301,7.745,3.9,2000-11-01,2000
11,12826.56753004932,3.486589908920717,1543.0,344139.0,983.0,1532.0,109.14,7.382,3.9,2000-12-01,2000
12,13219.251,2.34,1699.0,348279.0,936.0,1600.0,109.846,7.0325,4.2,2001-01-01,2001
13,13129.348658556799,3.3442593655214754,1656.0,353629.0,963.0,1625.0,110.499,7.05,4.2,2001-02-01,2001
14,13253.5807390178,3.509061996004373,1659.0,350029.0,939.0,1590.0,111.108,6.952,4.3,2001-03-01,2001
15,13301.394,2.41,1666.0,361991.0,909.0,1649.0,111.651,7.0775,4.4,2001-04-01,2001
16,13325.083902746697,3.33108870203601,1665.0,360534.0,885.0,1605.0,112.163,7.145,4.3,2001-05-01,2001
17,13274.522873977821,3.2999518051296306,1626.0,365905.0,882.0,1636.0,112.796,7.16,4.5,2001-06-01,2001
18,13248.142,2.18,1598.0,366500.0,880.0,1670.0,113.491,7.1275,4.6,2001-07-01,2001
19,13382.79572940939,3.5151727296386106,1615.0,369000.0,866.0,1567.0,114.167,6.95,4.9,2001-08-01,2001
20,13448.965495416716,3.655043866883759,1565.0,368809.0,853.0,1562.0,114.811,6.8175,5.0,2001-09-01,2001
21,13284.881,2.25,1566.0,370957.0,871.0,1540.0,115.309,6.6175,5.3,2001-10-01,2001
22,13356.324662491092,3.520901073354171,1651.0,375803.0,924.0,1602.0,115.857,6.658,5.5,2001-11-01,2001
23,13015.15743952907,3.3699185455324585,1680.0,376279.0,979.0,1568.0,116.456,7.065,5.7,2001-12-01,2001
24,13394.91,2.24,1665.0,377631.0,880.0,1698.0,117.143,6.9975,5.7,2002-01-01,2002
25,13331.060209078103,2.9524183917523192,1787.0,385745.0,948.0,1829.0,117.845,6.8925,5.7,2002-02-01,2002
26,13271.842407132775,3.2420660487671,1691.0,385406.0,923.0,1642.0,118.686,7.014,5.7,2002-03-01,2002
27,13477.356,2.16,1669.0,398990.0,936.0,1592.0,119.61,6.985,5.9,2002-04-01,2002
28,13307.562934014335,3.0247623961741734,1716.0,394223.0,978.0,1764.0,120.724,6.806,5.8,2002-05-01,2002
29,13498.798699657986,3.012272251623193,1758.0,401920.0,957.0,1717.0,121.812,6.65,5.8,2002-06-01,2002
30,13531.741,2.1,1738.0,404632.0,956.0,1655.0,122.887,6.485,5.8,2002-07-01,2002
31,13571.140589373237,3.2867894565621683,1695.0,398875.0,1014.0,1633.0,123.83,6.29,5.7,2002-08-01,2002
32,13741.147289875746,3.10375919499589,1803.0,394820.0,1044.0,1804.0,124.779,6.0925,5.7,2002-09-01,2002
33,13549.421,2.0,1799.0,397077.0,1006.0,1648.0,125.734,6.1125,5.7,2002-10-01,2002
34,13799.38520756979,3.1791046501987728,1771.0,401424.0,1024.0,1753.0,126.669,6.068,5.9,2002-11-01,2002
35,13852.92641470955,2.8871376715340595,1896.0,411758.0,1048.0,1788.0,127.623,6.0475,6.0,2002-12-01,2002
36,13619.434,1.97,1808.0,417788.0,999.0,1853.0,128.46,5.916,5.8,2003-01-01,2003
37,14273.885036367801,3.1936249571497193,1854.0,417500.0,936.0,1629.0,129.355,5.8425,5.9,2003-02-01,2003
38,14124.13214421655,3.2282784599643897,1757.0,413303.0,999.0,1726.0,130.14700000000002,5.745,5.9,2003-03-01,2003
39,13741.107,1.83,1803.0,420510.0,1012.0,1643.0,130.884,5.8125,6.0,2003-04-01,2003
40,14125.628967883971,3.088041729131593,1835.0,421143.0,1078.0,1751.0,131.734,5.484,6.1,2003-05-01,2003
41,13976.208025479726,2.8182160800213527,1875.0,430929.0,1193.0,1867.0,132.649,5.23,6.3,2003-06-01,2003
42,13970.157,1.73,1885.0,448917.0,1168.0,1897.0,133.77700000000002,5.6325,6.2,2003-07-01,2003
43,13576.93235162359,2.067377530126598,1966.0,453031.0,1206.0,1833.0,134.968,6.264,6.1,2003-08-01,2003
44,13877.97259933357,2.0003285454856314,1961.0,458676.0,1131.0,1939.0,136.29399999999998,6.1475,6.1,2003-09-01,2003
45,14131.379,1.76,2012.0,469855.0,1144.0,1967.0,137.532,5.952,6.0,2003-10-01,2003
46,14161.159113920869,1.599529605280904,1918.0,485245.0,1093.0,2083.0,138.793,5.9325,5.8,2003-11-01,2003
47,14186.214653591536,1.2920500156586199,1987.0,503356.0,1129.0,2057.0,140.179,5.876,5.7,2003-12-01,2003
48,14212.34,1.65,1952.0,498640.0,1165.0,1911.0,141.64600000000002,5.7125,5.7,2004-01-01,2004
49,14330.96797741541,1.6528409213700446,1966.0,500439.0,1159.0,1846.0,143.191,5.635,5.6,2004-02-01,2004
50,14240.287685929612,1.3161540117724817,2066.0,506879.0,1276.0,1998.0,145.059,5.445,5.8,2004-03-01,2004
51,14323.017,1.6,2070.0,512400.0,1186.0,2003.0,146.592,5.83,5.6,2004-04-01,2004
52,14111.172667790568,0.7683568111404764,2150.0,522534.0,1241.0,1981.0,148.185,6.27,5.6,2004-05-01,2004
53,14194.490529244944,1.0540364311772503,2020.0,527794.0,1180.0,1828.0,149.85,6.2875,5.6,2004-06-01,2004
54,14457.832,1.55,2112.0,543260.0,1088.0,2002.0,151.338,6.056,5.5,2004-07-01,2004
55,14563.335614440162,0.6230890262225115,2056.0,551447.0,1175.0,2024.0,152.634,5.8675,5.4,2004-08-01,2004
56,14563.948602967892,0.8589250079013286,2041.0,546306.0,1214.0,1905.0,154.179,5.754,5.4,2004-09-01,2004
57,14605.595,1.42,2097.0,551137.0,1305.0,2072.0,155.75,5.7225,5.5,2004-10-01,2004
58,14809.12601694114,0.9708038645758297,2079.0,550392.0,1179.0,1782.0,157.52700000000002,5.73,5.4,2004-11-01,2004
59,14697.524941761032,0.41852655205070466,2082.0,566284.0,1242.0,2042.0,159.33,5.752,5.4,2004-12-01,2004
60,14767.846,1.41,2139.0,575650.0,1203.0,2144.0,161.28799999999998,5.71,5.3,2005-01-01,2005
61,14711.236870940926,-0.08505804660962557,2114.0,588435.0,1319.0,2207.0,163.344,5.6275,5.4,2005-02-01,2005
62,14586.349832796706,0.16896126149168822,2062.0,591580.0,1328.0,1864.0,165.812,5.928,5.2,2005-03-01,2005
63,14839.707,1.55,2150.0,598335.0,1260.0,2061.0,167.50099999999998,5.855,5.2,2005-04-01,2005
64,14965.208723275651,-0.06830668814157992,2085.0,603707.0,1286.0,2025.0,169.35,5.72,5.1,2005-05-01,2005
65,15210.214351988407,-0.3304644864248516,2178.0,616958.0,1274.0,2068.0,171.19,5.582,5.0,2005-06-01,2005
66,14956.291,1.59,2203.0,628750.0,1389.0,2054.0,172.859,5.695,5.0,2005-07-01,2005
67,15287.50789728951,-0.6860174407782882,2219.0,633710.0,1255.0,2095.0,174.44299999999998,5.82,4.9,2005-08-01,2005
68,15413.907798325543,-0.9166639853658634,2263.0,647374.0,1244.0,2151.0,176.437,5.774,5.0,2005-09-01,2005
69,15041.232,1.64,2170.0,658590.0,1336.0,2065.0,178.02700000000002,6.065,5.0,2005-10-01,2005
70,15265.515190896853,-1.256792569572351,2218.0,665376.0,1214.0,2147.0,179.68,6.33,5.0,2005-11-01,2005
71,15188.75243958394,-1.0730088974986494,2120.0,670522.0,1239.0,1994.0,180.91,6.272,4.9,2005-12-01,2005
72,15244.088,1.61,2212.0,675679.0,1174.0,2273.0,182.32,6.145,4.7,2006-01-01,2006
73,15788.235181640723,-1.1691089800701189,2141.0,678562.0,1061.0,2119.0,183.287,6.2525,4.8,2006-02-01,2006
74,15653.867707721605,-0.9228998342001642,2118.0,668311.0,1116.0,1969.0,184.364,6.324,4.7,2006-03-01,2006
75,15281.525,1.62,1998.0,650388.0,1123.0,1821.0,184.329,6.5075,4.7,2006-04-01,2006
76,15491.479807781572,-0.2944002844532445,1905.0,633815.0,1086.0,1942.0,184.156,6.5975,4.6,2006-05-01,2006
77,15447.275511005131,0.1299272697332725,1867.0,615053.0,1074.0,1802.0,183.507,6.682,4.6,2006-06-01,2006
78,15304.517,1.74,1763.0,598487.0,965.0,1737.0,183.067,6.7625,4.7,2006-07-01,2006
79,15500.78744371384,0.9622626869024575,1722.0,584460.0,1035.0,1650.0,182.596,6.524,4.7,2006-08-01,2006
80,15625.7626605211,1.1263177682315844,1655.0,573878.0,1016.0,1720.0,182.798,6.4025,4.5,2006-09-01,2006
81,15433.643,1.92,1570.0,561444.0,941.0,1491.0,183.198,6.3575,4.4,2006-10-01,2006
82,15707.145352654577,1.830524687328781,1535.0,548971.0,1003.0,1570.0,183.609,6.24,4.5,2006-11-01,2006
83,15911.392945036881,1.727712619430573,1638.0,545011.0,998.0,1649.0,184.138,6.135,4.4,2006-12-01,2006
84,15478.956,2.08,1626.0,537571.0,891.0,1409.0,184.516,6.2175,4.6,2007-01-01,2007
85,16259.409722077406,2.257083655772311,1598.0,531641.0,828.0,1480.0,184.598,6.285,4.5,2007-02-01,2007
86,16318.466983277822,2.3145930300651347,1596.0,527865.0,833.0,1495.0,184.149,6.156,4.4,2007-03-01,2007
87,15577.779,2.3,1470.0,523666.0,887.0,1490.0,183.01,6.18,4.5,2007-04-01,2007
88,16077.10111248781,2.622990947113596,1493.0,514131.0,842.0,1415.0,181.6,6.262,4.4,2007-05-01,2007
89,15867.155685779173,2.7111302960126356,1407.0,505936.0,793.0,1448.0,180.254,6.6575,4.6,2007-06-01,2007
90,15671.605,2.71,1361.0,495976.0,778.0,1354.0,179.111,6.695,4.7,2007-07-01,2007
91,16040.508492838948,3.3641207282342984,1321.0,480974.0,699.0,1330.0,178.11700000000002,6.572,4.6,2007-08-01,2007
92,16096.828329402148,3.8857346311474026,1261.0,465709.0,686.0,1183.0,177.558,6.3825,4.7,2007-09-01,2007
93,15767.146,3.1,1192.0,447819.0,727.0,1264.0,176.62400000000002,6.375,4.7,2007-10-01,2007
94,16245.438522923823,4.455514109499626,1224.0,431878.0,641.0,1197.0,175.14700000000002,6.208,4.7,2007-11-01,2007
95,16228.768825376657,5.021375014087976,1149.0,416486.0,619.0,1037.0,174.342,6.095,5.0,2007-12-01,2007
96,15702.906,3.68,1094.0,402138.0,627.0,1084.0,173.132,5.758,5.0,2008-01-01,2008
97,16248.108005592112,5.544776529257396,1014.0,386197.0,593.0,1103.0,171.54,5.9175,4.9,2008-02-01,2008
98,16225.412859640166,5.691823572886646,967.0,390471.0,535.0,1005.0,170.053,5.97,5.1,2008-03-01,2008
99,15792.773,4.36,1008.0,385328.0,536.0,1013.0,168.338,5.9175,5.0,2008-04-01,2008
100,16127.050820943945,5.841573022316651,995.0,381911.0,504.0,973.0,166.65900000000002,6.036,5.4,2008-05-01,2008
101,16105.139350922202,5.616535530253042,1180.0,374495.0,487.0,1046.0,165.017,6.32,5.6,2008-06-01,2008
102,15709.562,5.27,921.0,364873.0,477.0,923.0,163.566,6.426,5.8,2008-07-01,2008
103,15713.883353939025,6.505827292818335,858.0,352598.0,435.0,844.0,161.988,6.4775,6.1,2008-08-01,2008
104,15846.270916728583,6.902972165256456,797.0,340396.0,433.0,820.0,160.308,6.0375,6.1,2008-09-01,2008
105,15366.607,6.58,736.0,329304.0,393.0,777.0,158.326,6.2,6.5,2008-10-01,2008
106,15549.023522466421,7.744339958013531,626.0,312540.0,389.0,652.0,156.141,6.0875,6.8,2008-11-01,2008
107,15765.548637085383,8.530965717400234,554.0,293997.0,377.0,560.0,153.618,5.286,7.3,2008-12-01,2008
108,15187.475,8.02,545.0,283870.0,336.0,490.0,151.506,5.0475,7.8,2009-01-01,2009
109,15597.341344217839,9.065241539988088,558.0,267938.0,372.0,582.0,150.014,5.13,8.3,2009-02-01,2009
110,15606.526461949714,9.509505012573346,513.0,254645.0,339.0,505.0,148.66,5.0025,8.7,2009-03-01,2009
111,15161.772,8.58,521.0,243958.0,337.0,478.0,147.94799999999998,4.81,9.0,2009-04-01,2009
112,15493.977161767873,9.803476140032984,556.0,237188.0,376.0,540.0,147.695,4.8575,9.4,2009-05-01,2009
113,15205.313010524154,9.51472167730451,601.0,237343.0,393.0,585.0,148.09,5.42,9.5,2009-06-01,2009
114,15216.647,9.46,595.0,244141.0,411.0,594.0,148.409,5.222,9.5,2009-07-01,2009
115,15230.37231132698,9.390151020310643,616.0,250768.0,418.0,586.0,148.27700000000002,5.1925,9.6,2009-08-01,2009
116,15324.845757584682,9.460541596678073,609.0,254135.0,386.0,585.0,148.024,5.0575,9.8,2009-09-01,2009
117,15379.155,10.36,583.0,254942.0,396.0,534.0,147.849,4.952,10.0,2009-10-01,2009
118,15440.471963941389,9.511660927428508,623.0,255941.0,375.0,588.0,148.134,4.875,9.9,2009-11-01,2009
119,15499.048441404688,9.479845664502498,664.0,255801.0,352.0,581.0,147.929,4.93,9.9,2009-12-01,2009
120,15456.059,11.54,636.0,254826.0,345.0,614.0,147.395,5.03,9.8,2010-01-01,2010
121,15432.023025229119,9.431071128696194,650.0,255121.0,336.0,604.0,145.631,4.99,9.8,2010-02-01,2010
122,15352.237248444268,9.364050817009895,687.0,253924.0,381.0,636.0,145.859,4.9675,9.9,2010-03-01,2010
123,15605.628,11.08,637.0,254574.0,422.0,687.0,146.404,5.098,9.9,2010-04-01,2010
124,15635.221689861279,9.61749753434373,575.0,252896.0,280.0,583.0,146.394,4.8875,9.6,2010-05-01,2010
125,15664.673181969461,9.678857718766022,587.0,250518.0,305.0,536.0,145.72,4.7375,9.4,2010-06-01,2010
126,15726.282,10.61,579.0,244354.0,283.0,546.0,144.99,4.564,9.4,2010-07-01,2010
127,15816.436416598095,9.912119978803007,580.0,238695.0,282.0,599.0,143.915,4.4275,9.5,2010-08-01,2010
128,15718.11687436713,9.935084615682584,563.0,237834.0,317.0,594.0,143.018,4.346,9.5,2010-09-01,2010
129,15807.995,10.37,558.0,236512.0,291.0,543.0,142.531,4.225,9.4,2010-10-01,2010
130,15728.29633783577,10.083829080481594,560.0,237468.0,287.0,545.0,142.172,4.3,9.8,2010-11-01,2010
131,15558.13593241779,9.726986555548647,632.0,239030.0,326.0,539.0,142.061,4.714,9.3,2010-12-01,2010
132,15769.911,10.33,576.0,240548.0,307.0,630.0,141.52200000000002,4.755,9.1,2011-01-01,2011
133,15493.782254861888,9.721201257063992,542.0,240062.0,270.0,517.0,140.351,4.9525,9.0,2011-02-01,2011
134,15498.079062965235,9.580489798328319,583.0,241586.0,300.0,600.0,139.982,4.836,9.0,2011-03-01,2011
135,15876.839,10.54,581.0,244598.0,310.0,554.0,140.01,4.84,9.1,2011-04-01,2011
136,15599.915785814326,9.599886774848375,618.0,245449.0,305.0,561.0,139.905,4.6375,9.0,2011-05-01,2011
137,15670.446015855947,9.568364991142392,636.0,247520.0,301.0,608.0,139.862,4.51,9.1,2011-06-01,2011
138,15870.684,10.54,621.0,249770.0,296.0,623.0,139.73,4.545,9.0,2011-07-01,2011
139,15791.407631453438,9.585949393360531,647.0,251877.0,299.0,585.0,139.308,4.27,9.0,2011-08-01,2011
140,15814.610727925265,9.62332788391922,610.0,250152.0,304.0,650.0,138.66899999999998,4.106,9.0,2011-09-01,2011
141,16048.702,10.26,671.0,252821.0,316.0,610.0,137.953,4.0675,8.8,2011-10-01,2011
142,15911.864412088591,9.436205064273501,706.0,247279.0,328.0,711.0,137.153,3.9925,8.6,2011-11-01,2011
143,15883.996179663554,9.432112214472767,697.0,247983.0,341.0,694.0,136.675,3.958,8.5,2011-12-01,2011
144,16179.968,10.34,712.0,251869.0,335.0,723.0,136.608,3.915,8.3,2012-01-01,2012
145,15918.301575761428,9.352802293612532,738.0,247503.0,366.0,704.0,136.533,3.89,8.3,2012-02-01,2012
146,16034.543018844688,9.213073049865034,806.0,252283.0,354.0,695.0,137.905,3.954,8.2,2012-03-01,2012
147,16253.726,10.45,732.0,258567.0,354.0,753.0,139.155,3.91,8.2,2012-04-01,2012
148,16128.17862803454,9.11199237408862,796.0,263797.0,370.0,708.0,140.155,3.798,8.2,2012-05-01,2012
149,16241.404512680154,9.040485288189618,794.0,269664.0,360.0,757.0,141.03,3.675,8.2,2012-06-01,2012
150,16282.151,10.47,849.0,273587.0,369.0,740.0,141.66899999999998,3.55,8.2,2012-07-01,2012
151,16324.080277964506,8.872926651403349,840.0,279216.0,375.0,754.0,142.281,3.602,8.1,2012-08-01,2012
152,16497.446647259676,8.569083836882193,930.0,286120.0,385.0,847.0,142.909,3.4975,7.8,2012-09-01,2012
153,16300.035,10.01,887.0,294197.0,358.0,915.0,143.602,3.3825,7.8,2012-10-01,2012
154,16602.291182554654,8.497015696640986,917.0,296510.0,392.0,833.0,144.586,3.352,7.7,2012-11-01,2012
155,16615.290318979434,8.322562224114474,941.0,299101.0,399.0,976.0,145.503,3.345,7.9,2012-12-01,2012
156,16441.485,9.74,940.0,303792.0,446.0,888.0,146.827,3.414,8.0,2013-01-01,2013
157,16529.947152143282,8.038470975112357,980.0,309078.0,447.0,962.0,147.783,3.5325,7.7,2013-02-01,2013
158,16602.57156089901,7.965403107226614,936.0,312083.0,444.0,1010.0,149.963,3.565,7.5,2013-03-01,2013
159,16464.402,9.32,1012.0,316537.0,441.0,835.0,151.519,3.445,7.6,2013-04-01,2013
160,16800.01500779919,7.905395498181184,1003.0,321706.0,428.0,930.0,152.849,3.536,7.5,2013-05-01,2013
161,16408.376144987946,7.807771776227528,942.0,324770.0,470.0,839.0,154.19899999999998,4.07,7.5,2013-06-01,2013
162,16594.743,8.65,997.0,328388.0,375.0,880.0,155.60399999999998,4.37,7.3,2013-07-01,2013
163,16611.679466130714,7.46681852982695,964.0,335690.0,381.0,917.0,156.965,4.456,7.2,2013-08-01,2013
164,16604.265978353593,7.421162892615591,1004.0,339977.0,403.0,850.0,158.227,4.49,7.2,2013-09-01,2013
165,16712.76,8.29,1044.0,346273.0,444.0,925.0,159.24200000000002,4.192,7.2,2013-10-01,2013
166,16751.285131214914,6.950382710234116,1029.0,353317.0,446.0,1100.0,160.07399999999998,4.255,6.9,2013-11-01,2013
167,16712.8237559952,6.8887120775004895,1007.0,360754.0,433.0,1002.0,160.993,4.4575,6.7,2013-12-01,2013
168,16654.247,7.78,976.0,367522.0,443.0,888.0,161.92700000000002,4.432,6.6,2014-01-01,2014
169,16898.162759717565,6.951265316734986,1039.0,364391.0,420.0,944.0,162.52700000000002,4.3025,6.7,2014-02-01,2014
170,16953.161710095963,6.817161218739683,1067.0,370368.0,405.0,970.0,163.088,4.3425,6.7,2014-03-01,2014
171,16868.109,7.43,1090.0,375235.0,403.0,1043.0,163.395,4.3375,6.2,2014-04-01,2014
172,16949.361292394486,6.671661875228914,1018.0,377661.0,451.0,1007.0,163.662,4.192,6.3,2014-05-01,2014
173,17097.280634555987,6.873071147824639,1010.0,371860.0,418.0,911.0,164.062,4.1625,6.1,2014-06-01,2014
174,17064.616,7.05,1076.0,371532.0,402.0,1085.0,164.576,4.13,6.2,2014-07-01,2014
175,17100.594571157737,6.733496137894068,1047.0,373163.0,456.0,984.0,165.21599999999998,4.115,6.1,2014-08-01,2014
176,17114.545114726032,6.489799844564603,1077.0,381377.0,470.0,1023.0,165.907,4.1625,5.9,2014-09-01,2014
177,17141.235,6.5,1094.0,385996.0,476.0,1074.0,166.643,4.036,5.7,2014-10-01,2014
178,17305.72880931882,6.460020952334947,1059.0,392280.0,442.0,1001.0,167.33700000000002,3.9975,5.8,2014-11-01,2014
179,17287.66951067201,6.201949887170671,1070.0,402301.0,497.0,1073.0,168.05200000000002,3.864,5.6,2014-12-01,2014
180,17280.647,6.24,1048.0,405483.0,515.0,1085.0,168.634,3.67,5.7,2015-01-01,2015
181,17324.05035505044,6.229632571522128,1127.0,411534.0,540.0,886.0,169.132,3.71,5.5,2015-02-01,2015
182,17459.665670047343,6.211071401337805,1078.0,412105.0,480.0,960.0,169.801,3.77,5.4,2015-03-01,2015
183,17380.875,5.82,1161.0,415354.0,502.0,1190.0,170.299,3.672,5.4,2015-04-01,2015
184,17524.934764594193,5.725830714090075,1275.0,423855.0,502.0,1079.0,170.882,3.84,5.6,2015-05-01,2015
185,17667.769039254643,5.295501067061535,1378.0,432084.0,480.0,1205.0,171.467,3.9825,5.3,2015-06-01,2015
186,17437.08,5.39,1139.0,437549.0,506.0,1146.0,172.12900000000002,4.046,5.2,2015-07-01,2015
187,17502.382335962815,5.468524227380355,1165.0,438637.0,518.0,1130.0,172.938,3.905,5.1,2015-08-01,2015
188,17700.019278207743,5.332646860047943,1143.0,446379.0,456.0,1224.0,173.83,3.89,5.0,2015-09-01,2015
189,17462.579,5.1,1158.0,448718.0,482.0,1058.0,174.793,3.796,5.0,2015-10-01,2015
190,17681.033293492383,5.24643180770558,1245.0,447590.0,504.0,1172.0,175.739,3.9425,5.1,2015-11-01,2015
191,17563.18952759216,5.160262211205518,1209.0,454428.0,546.0,1146.0,176.545,3.964,5.0,2015-12-01,2015
192,17565.465,4.78,1167.0,458300.0,509.0,1103.0,177.27200000000002,3.8725,4.8,2016-01-01,2016
193,17834.130427232983,5.181281988100773,1186.0,459376.0,515.0,1203.0,177.65200000000002,3.66,4.9,2016-02-01,2016
194,17701.685400725455,5.164251784845534,1119.0,472356.0,526.0,1114.0,178.168,3.694,5.0,2016-03-01,2016
195,17618.581,4.59,1155.0,469303.0,571.0,1158.0,178.768,3.605,5.1,2016-04-01,2016
196,17817.994924964754,5.1009993254479635,1198.0,468554.0,560.0,1131.0,179.43099999999998,3.6,4.8,2016-05-01,2016
197,17850.455551216226,5.003999848072128,1204.0,472390.0,558.0,1200.0,180.079,3.568,4.9,2016-06-01,2016
198,17724.489,4.39,1193.0,475371.0,639.0,1245.0,180.829,3.44,4.8,2016-07-01,2016
199,17900.662469650637,5.010652598573029,1203.0,478473.0,584.0,1155.0,181.854,3.435,4.9,2016-08-01,2016
200,18006.66967844835,5.027878961148085,1282.0,480518.0,567.0,1072.0,182.827,3.46,5.0,2016-09-01,2016
201,17812.56,4.15,1271.0,497911.0,577.0,1321.0,183.756,3.47,4.9,2016-10-01,2016
202,17890.931678300418,4.510319707121337,1236.0,504344.0,571.0,1150.0,184.765,3.77,4.7,2016-11-01,2016
203,17742.38172446259,4.0925415434933985,1251.0,514603.0,561.0,1267.0,185.726,4.198,4.7,2016-12-01,2016
204,17896.623,3.9,1313.0,513586.0,585.0,1206.0,186.8,4.15,4.7,2017-01-01,2017
205,17691.221097264377,3.7602435869932607,1239.0,536522.0,597.0,1282.0,187.314,4.1675,4.6,2017-02-01,2017
206,17696.50469267816,3.8313101470632067,1292.0,530177.0,631.0,1186.0,187.992,4.196,4.4,2017-03-01,2017
207,17996.802,3.68,1255.0,534992.0,589.0,1150.0,188.727,4.045,4.4,2017-04-01,2017
208,17817.268777950056,4.022234104728637,1209.0,534302.0,613.0,1123.0,189.622,4.01,4.4,2017-05-01,2017
209,18014.24417316632,3.8145222338009797,1326.0,533206.0,620.0,1243.0,190.512,3.904,4.3,2017-06-01,2017
210,18126.226,3.64,1265.0,539722.0,565.0,1207.0,191.454,3.9675,4.3,2017-07-01,2017
211,18216.479265926675,3.9363011757214803,1309.0,539160.0,560.0,1163.0,192.675,3.88,4.4,2017-08-01,2017
212,18062.808193713812,3.8949644609134078,1257.0,541370.0,638.0,1174.0,193.774,3.805,4.3,2017-09-01,2017
213,18296.685,3.57,1339.0,539543.0,627.0,1256.0,194.82,3.895,4.2,2017-10-01,2017
214,17921.87563452811,3.35251255875726,1299.0,560127.0,712.0,1300.0,195.96400000000003,3.922,4.2,2017-11-01,2017
215,18102.099883740408,3.3687542934161065,1312.0,568337.0,657.0,1199.0,197.17,3.95,4.1,2017-12-01,2017
216,18436.262,3.49,1365.0,575299.0,622.0,1314.0,198.294,4.0325,4.0,2018-01-01,2018
217,18033.709289607596,2.916409743351677,1332.0,585549.0,637.0,1288.0,199.211,4.33,4.1,2018-02-01,2018
218,18046.696861874778,2.8304516328362013,1415.0,576915.0,662.0,1335.0,199.952,4.444,4.0,2018-03-01,2018
219,18590.004,3.22,1387.0,575694.0,637.0,1269.0,200.655,4.4675,4.0,2018-04-01,2018
220,18013.853464372398,2.877243666629391,1330.0,574864.0,657.0,1334.0,201.433,4.586,3.8,2018-05-01,2018
221,18128.92556335695,3.2761103524719193,1317.0,564660.0,613.0,1190.0,202.243,4.57,4.0,2018-06-01,2018
222,18679.599,2.97,1331.0,556155.0,617.0,1195.0,202.926,4.5275,3.8,2018-07-01,2018
223,18262.66570542603,3.478109443456508,1258.0,547261.0,598.0,1280.0,203.71400000000003,4.55,3.8,2018-08-01,2018
224,18295.00004726689,3.43908041762281,1290.0,547817.0,596.0,1246.0,204.389,4.6275,3.7,2018-09-01,2018
225,18721.281,2.83,1267.0,536260.0,552.0,1207.0,205.159,4.83,3.8,2018-10-01,2018
226,18206.701999982644,3.575042483462625,1319.0,534182.0,614.0,1204.0,205.692,4.866,3.8,2018-11-01,2018
227,18479.550952660116,3.9636678382734356,1334.0,522581.0,564.0,1117.0,206.149,4.6375,3.9,2018-12-01,2018
228,18833.195,2.7,1316.0,528328.0,637.0,1272.0,206.495,4.464,4.0,2019-01-01,2019
229,18367.008665770525,3.9501670786441347,1305.0,523569.0,665.0,1137.0,206.792,4.37,3.8,2019-02-01,2019
230,18357.250231621045,3.839287570092035,1327.0,525424.0,700.0,1203.0,207.017,4.265,3.8,2019-03-01,2019
231,18982.528,2.61,1330.0,530800.0,664.0,1267.0,207.51,4.1425,3.6,2019-04-01,2019
232,18780.403264361423,3.816103774102689,1338.0,532148.0,600.0,1268.0,208.157,4.072,3.7,2019-05-01,2019
233,18553.738938017115,3.7999805052241653,1273.0,538372.0,726.0,1235.0,208.677,3.8025,3.6,2019-06-01,2019
234,19112.653,2.42,1366.0,543830.0,661.0,1212.0,209.319,3.765,3.7,2019-07-01,2019
235,18889.07060695071,3.3705110068449553,1471.0,552508.0,706.0,1377.0,210.145,3.616,3.7,2019-08-01,2019
236,18865.038922313382,3.4279119819213815,1437.0,555879.0,726.0,1274.0,210.97,3.605,3.5,2019-09-01,2019
237,19202.31,2.34,1503.0,556693.0,706.0,1340.0,211.874,3.688,3.6,2019-10-01,2019
238,19000.250532244398,3.1280040102031155,1510.0,566916.0,696.0,1371.0,212.819,3.695,3.6,2019-11-01,2019
239,18902.593698615772,2.84036086052196,1457.0,572387.0,731.0,1587.0,213.906,3.72,3.6,2019-12-01,2019
240,18951.992,2.36,1536.0,589103.0,774.0,1617.0,214.904,3.624,3.5,2020-01-01,2020
241,19100.48475401659,2.6991622025843576,1438.0,592960.0,716.0,1567.0,215.721,3.465,3.5,2020-02-01,2020
242,19159.16767769518,3.4334992235880755,1356.0,588060.0,612.0,1269.0,216.314,3.45,4.4,2020-03-01,2020
243,17575.32779651584,5.081431065262521,1258.0,553721.0,840.0,1265.0,217.657,3.1625,11.0,2020-06-01,2020
244,18560.774,2.8,1483.0,575451.0,979.0,1487.0,219.448,3.016,10.2,2020-07-01,2020
245,18047.247093148042,3.4417648223369532,1476.0,615396.0,977.0,1373.0,222.484,2.935,8.4,2020-08-01,2020
246,18378.382211144664,3.225794199002058,1545.0,619090.0,965.0,1437.0,225.937,2.89,7.9,2020-09-01,2020
247,18767.778,2.74,1544.0,637138.0,945.0,1528.0,229.888,2.834,6.9,2020-10-01,2020
